Customer_ID,First_Name,Last_Name,Email,Phone,Address,City
5046,James,Deleon,cynthia16@example.org,942-680-9984,347 Ashley Ford Apt. 054,South Joy
8391,Rebecca,Burgess,rothisaiah@example.net,937-688-9132x20698,273 Megan Spring Suite 181,North Christopher
8436,Dave,Carter,robert49@example.net,001-737-230-8783x1341,8659 Fletcher Knoll,East Stephanie
9680,Paige,Wright,esparzajill@example.com,6976388575,7272 Gates Ways,Kylefort
5429,Dennis,Barton,cmartin@example.com,+1-232-608-4448x8709,574 Aguirre Run Suite 183,East Waltermouth
7623,Tony,Payne,matthew31@example.net,(914)854-2621x109,971 Amy Rapids,Bookermouth
8027,Sharon,Johnson,craiglarsen@example.org,001-688-503-5889x1678,27413 Robert Plains,Cunninghamport
9857,William,Garcia,joshuaburgess@example.org,842.632.5178,55651 Jose Valley,Lake Nicholaston
9086,Erica,Riggs,elizabethsilva@example.org,001-240-814-0573x374,7552 Chambers Glens Suite 489,South Anna
8679,Shelia,Pugh,campbellandrea@example.com,001-602-672-2073x809,62960 Erik Forge,Jennifermouth
6739,Jamie,Anderson,ocummings@example.com,+1-793-817-7146x64920,646 Richardson Highway,Marymouth
6045,Michelle,Ware,patricia57@example.net,676-723-9139,163 Wright Plains,Lake Philip
8166,Steven,Taylor,lauren99@example.com,713.352.0910x049,38693 Alexandria Pine,West Jeffreyshire
6044,Linda,Spencer,gabriella22@example.com,725-896-6198,27139 Crawford Mission,Debraberg
5725,Megan,Burns,danielle78@example.net,(773)799-3937x35640,81331 Christopher Street,Pettyburgh
7015,Angela,Carr,james86@example.com,758.947.3453x919,910 Angela Court,Lake Jonathan
6284,David,Singh,medwards@example.com,+1-815-667-3622,94786 Booker Squares,Clarkstad
8050,Kevin,Gibson,nicholsgabriela@example.com,(633)206-2492x19044,26909 Daniel Points,East Dennis
7930,Eric,Hall,laurenmoore@example.com,001-836-717-0840,68994 Stevens Groves Apt. 610,Morrisonville
6159,Rose,Cervantes,josephsimon@example.org,357.554.7225,273 Robert Lights Apt. 913,Rodriguezberg
7273,Frank,Graham,yjennings@example.org,6674611810,376 Michael Trafficway,Jesseland
5549,Courtney,Castro,dramirez@example.net,+1-741-500-5517x442,5939 Butler Hills Apt. 134,New Ashleychester
8198,Misty,Barr,kristina85@example.net,673.812.9024x5958,7507 Hart Center,South Jamie
8405,Matthew,Joseph,wrightjenny@example.net,001-443-913-9678x0375,89119 Thomas Street Apt. 851,New Maryside
5104,Adam,Baker,wboyd@example.org,001-888-550-8083,80620 Christina Row,Amyview
7137,Tara,Hampton,stephanie31@example.com,001-866-927-1954,74158 Smith Brook Apt. 684,North Kyletown
8663,Elizabeth,Cummings,tiffanyhoward@example.net,+1-593-666-5927x6702,75626 Scott Forge,Port Crystal
5174,Melanie,Harris,williamsmatthew@example.org,001-752-693-5028,661 Emily Rest Suite 138,Whitakerfurt
9805,Brenda,Cruz,davidsmith@example.org,001-471-368-9873x8612,207 Joseph Islands,Janetborough
8688,Tracy,Fields,elizabeth66@example.net,(320)773-1770,553 Devin Circles,Blakeshire
8606,Daniel,Gonzalez,williamwilson@example.net,001-979-904-4730x808,490 Hernandez Neck,Rachelberg
5423,Amanda,Webster,rebeccamcbride@example.org,3246003837,51968 Woodard Spurs,Lake Samuel
5444,Sue,Thomas,alexander63@example.com,356-548-4924x452,2573 Cole Plains Suite 941,Morganside
5805,Katrina,Evans,wisekenneth@example.net,(922)998-7451,61625 Taylor Shore Suite 804,West Matthewbury
5154,Jeffery,Wright,daniel86@example.net,+1-695-412-0353,106 Mccoy Village Suite 588,West Williamshire
8510,Caroline,George,zamoragabriel@example.net,001-440-947-5403x5879,33491 Weeks Green Apt. 484,Thompsontown
8795,Luke,Mitchell,smithkevin@example.com,(553)243-1325x52793,896 Neal Loaf,North Christopher
7270,Patricia,Walker,richard80@example.com,+1-929-851-7406x98050,8808 Schmidt Canyon,North Aliciaburgh
7000,Jeremy,Cunningham,mharris@example.org,541-539-0016x98941,86642 Bell Fields,West Colemouth
6974,Nicole,Perez,mrobertson@example.com,832-595-6771x0283,1930 Myers Highway Suite 496,East Anthonyborough
7676,Kim,Michael,margaret32@example.org,+1-385-488-9918,2438 Ashley Way,New Jenniferville
8791,Rebecca,Mcmillan,jmccormick@example.net,+1-753-684-2285x056,8519 Todd Loaf Apt. 947,Kaitlynside
9357,Timothy,Morales,sjames@example.com,207-594-5868,748 Christopher Mountain,Avilabury
9465,Micheal,Lewis,joseph59@example.net,718-847-3642x08259,1683 Todd Stream,Justinchester
9396,Adam,Sweeney,robertwilliams@example.org,001-834-669-2056x085,850 Mitchell Manor Apt. 386,Davidside
5647,Timothy,Wood,josephbryant@example.org,+1-832-392-5307x816,04886 Rowe Hollow Suite 925,Edwardmouth
6574,Heather,Hudson,larry81@example.net,(809)271-8952x88445,261 Brian Coves Apt. 727,Lake Dawntown
5590,John,Welch,rachelatkins@example.org,330-983-2492x2301,056 Brooke Ports Suite 136,South Jamieville
7608,Melissa,Murphy,adawson@example.com,654.566.0268x73986,444 Cervantes Motorway Suite 525,Sheilaview
8416,Jennifer,Lewis,cassidynavarro@example.net,001-348-827-6083,34731 Little Turnpike Apt. 780,West Jonathon
9005,Alex,Vargas,jenniferelliott@example.net,(468)354-9040x4904,8490 Thompson Station Apt. 827,West Luisbury
5984,Brett,Bolton,jdavis@example.net,774.597.8655x078,8065 Paige Village,Lake Robertton
7422,Brittany,Moss,ucooper@example.net,801.246.4174,33809 Powell Hill,Michaelstad
9763,Heather,Lewis,williamsdavid@example.net,+1-983-844-2406x491,818 Patterson Falls,North Masonshire
9159,Jeffrey,Green,forbeslisa@example.net,233-675-2119,4053 Zimmerman Vista,Jenkinshaven
6502,Michelle,Mata,rkoch@example.net,994.579.4326x95242,91765 Lindsey Parkways Apt. 700,South Amanda
5087,Heather,Lewis,stewartbrian@example.net,(200)957-5604x799,227 Blanchard Village,Williamshire
7819,Elizabeth,Nguyen,jessicaperez@example.com,794-693-5546x3832,652 Frank Terrace Apt. 173,North Matthew
8431,Kylie,Rios,andrew93@example.org,622-454-1140x1541,42788 Miles Fields,Harrismouth
7371,Melinda,Hanson,chelseabaker@example.net,510.455.6444,45772 Zachary Land,Port Jenniferside
5115,Benjamin,Compton,christopherhartman@example.com,730.205.2932x552,97256 Keith Motorway Apt. 960,Ryanport
5384,Alejandra,Stewart,michaelalvarez@example.com,697-916-0343x5583,0399 Decker Branch,Jenniferchester
9892,Holly,Wagner,pharrington@example.com,(408)530-8013,64267 Thomas Trail,North Stacey
7647,Marilyn,Barber,alexanderbanks@example.org,362.476.7022x4501,0004 Lewis Stream,Port Stanleyville
8895,Christine,Freeman,bthomas@example.net,587-719-5769,58802 Robertson Meadow Apt. 578,Garciaside
8548,Joseph,Davis,hectorhawkins@example.org,928.331.3468x9428,4292 Matthews Overpass Apt. 284,Espinozaburgh
8210,Kyle,Green,jeremy67@example.com,(350)206-0288x1465,5581 Michael Mission,Berryview
8763,Amy,Wilson,trujillopatrick@example.com,554-720-4173x316,7876 Brittany Lock Apt. 163,South Luisborough
5386,Timothy,Miller,anitamartinez@example.org,753-414-6899x62700,24008 Aguirre Parkway,Port Matthew
5220,Theresa,Owen,michelegibson@example.net,+1-368-675-3672,3672 Haynes Mountain Apt. 966,Bradleyborough
5616,Thomas,Ochoa,davidlogan@example.net,(943)321-3464,1962 Christensen Creek Apt. 063,Matthewport
8209,Mark,Potter,kimberly27@example.com,001-415-382-5775x544,109 Turner Flat,Jessicaside
8885,Rachel,Hardy,medinaelizabeth@example.org,519.534.6241,31558 Williams Center,Anthonyville
8123,Paul,Graham,juliepatel@example.net,511.536.5455,19780 Claudia Village,Lake Kristychester
9933,Joanna,Owens,deborahlopez@example.org,979.991.4325,654 Kenneth Ports Suite 073,Port Gloria
5680,Christian,Webb,fernandezerin@example.com,+1-796-724-4582x135,3914 Jason Park Suite 542,Riversport
8325,John,Vaughn,austinrebecca@example.net,392-688-7141,3826 Brendan Streets,Port Jessica
7415,Michael,Parrish,samantha09@example.org,001-791-746-6185x572,292 Brandon Place Apt. 134,Smithport
9035,Andrew,Gordon,rwilkinson@example.net,(338)395-2634,7762 Angela Ways,Lake Kevinton
6511,John,Clark,williambrown@example.net,(744)724-1409x1718,7859 James Summit Suite 657,West Trevor
7781,Christine,Hughes,selenamartin@example.org,+1-376-835-9046,760 Adams Alley Apt. 473,West Justinview
9608,John,Anderson,hector05@example.net,726.562.5948x14610,5223 Donald Stream Suite 561,South Monica
8919,Crystal,Wyatt,brittanyreynolds@example.net,4779848018,2884 Kim Station,West Sherryfurt
6830,Tracy,Young,sarahcampos@example.net,001-214-238-9745x743,19283 Mark Skyway,West Barry
5271,Robert,Love,zacharyleonard@example.net,(323)785-8454x6526,088 Lisa Prairie Suite 226,Lake Meganberg
8205,Doris,Vaughan,kevinkeith@example.com,738.690.3937,6711 Howard Hollow Suite 783,Perezbury
9592,Sarah,Harris,mcruz@example.org,+1-506-778-2450x792,613 Lori Ports,South Aaronchester
7775,Bobby,Oconnor,imccullough@example.net,001-994-897-6166x208,8239 Deborah Haven,New Antonio
9068,Mike,Graham,zpeters@example.org,+1-274-950-9876x3281,5324 Briggs Route Apt. 381,Lake Shawnmouth
5035,Robert,Kline,felicia37@example.net,(225)663-8102x51543,5292 Caldwell Drives,Port Jenniferton
6827,Mark,Palmer,richard70@example.org,249.364.0474x623,918 Grimes Manor Apt. 633,Alvaradoton
8149,Timothy,Bailey,bridgetjensen@example.org,+1-918-332-1731x7228,6215 Brett Vista Apt. 451,Jennifermouth
7473,Justin,Miller,timothyelliott@example.net,+1-299-454-5574x3065,3489 Lauren Brook,Phillipsburgh
6416,Courtney,Duncan,christopherstewart@example.com,(861)274-6152x3703,339 Tapia Gateway Suite 996,Ryanfurt
5750,Nicholas,Brady,sleach@example.com,496-250-4140,60607 Fisher Burgs Apt. 355,East Ericton
8734,Janice,Finley,gordonjacqueline@example.com,(547)228-8576,91640 Bryan Mountains,Everettstad
9333,Vanessa,Cox,brandi84@example.net,991.555.4758,002 Schneider Row Apt. 327,Paulhaven
7644,Elizabeth,Roberts,brad44@example.org,371-627-4605x77422,4648 Brianna Forks Suite 825,East Barbaratown
5539,Michele,Neal,travis64@example.com,6619405167,77584 Lee Views Apt. 511,Port Janethaven
9571,Christine,Smith,joshuacarey@example.com,(391)283-2424,78107 Rhonda Rue Apt. 017,West Courtney
